metric,value
lr_stat,0.7224519249599808
lr_pvalue,0.948531551257357
nobs,2370.0
