metric,value
gamma,1.8888324112993449
threshold_c,0.7395173514645809
transition_mean,0.26973295989869106
ssr,15414.308181340459
converged,True
