metric,value
threshold,0.29789073871208144
low_n,1600.0
high_n,770.0
ssr,15438.241449254492
